Workbook

Sheet Dashboard
A1: Region Performance Dashboard
A2: Compare sales and profit by region • Source: Data sheet • Task focus: grouping, comparison, and ranking
A4: Total Sales | C4: Total Profit | E4: Overall Margin | G4: Top Sales Region
A5: ='Region Summary'!B9 -> 17869 | C5: ='Region Summary'!C9 -> 3281 | E5: ='Region Summary'!D9 -> 0.18361408 | G5: ='Region Summary'!G13 -> West
A8: Region | B8: Sales | C8: Profit
A9: ='Region Summary'!A5 -> East | B9: ='Region Summary'!B5 -> 5106 | C9: ='Region Summary'!C5 -> 921
A10: ='Region Summary'!A6 -> West | B10: ='Region Summary'!B6 -> 5233 | C10: ='Region Summary'!C6 -> 925
A11: ='Region Summary'!A7 -> Central | B11: ='Region Summary'!B7 -> 3860 | C11: ='Region Summary'!C7 -> 743
A12: ='Region Summary'!A8 -> South | B12: ='Region Summary'!B8 -> 3670 | C12: ='Region Summary'!C8 -> 692
A15: How to use this dashboard
A16: 1. Review the chart to compare regional sales and profit.
A17: 2. Open Region Summary to see formula-driven totals, margins, order counts, and ranks.
A18: 3. Filter or replace rows on Data to update the analysis.

Sheet Region Summary
A1: Region Performance Summary
A2: Formula-driven comparison of sales, profit, margin, and regional rank
A4: Region | B4: Total Sales ($) | C4: Total Profit ($) | D4: Profit Margin | E4: Sales Rank | F4: Profit Rank | G4: Order Count | H4: Performance Note
A5: East | B5: =SUMIF(Data!$B$2:$B$33,A5,Data!$G$2:$G$33) -> 5106 | C5: =SUMIF(Data!$B$2:$B$33,A5,Data!$H$2:$H$33) -> 921 | D5: =IFERROR(C5/B5,0) -> 0.18037603 | E5: =RANK(B5,$B$5:$B$8,0) -> 2 | F5: =RANK(C5,$C$5:$C$8,0) -> 2 | G5: =COUNTIF(Data!$B$2:$B$33,A5) -> 8 | H5: =IF(AND(E5=1,F5=1),"Top sales and profit",IF(E5=1,"Top sales",IF(F5=1,"Top profit","Monitor performance"))) -> Monitor performance
A6: West | B6: =SUMIF(Data!$B$2:$B$33,A6,Data!$G$2:$G$33) -> 5233 | C6: =SUMIF(Data!$B$2:$B$33,A6,Data!$H$2:$H$33) -> 925 | D6: =IFERROR(C6/B6,0) -> 0.17676285 | E6: =RANK(B6,$B$5:$B$8,0) -> 1 | F6: =RANK(C6,$C$5:$C$8,0) -> 1 | G6: =COUNTIF(Data!$B$2:$B$33,A6) -> 8 | H6: =IF(AND(E6=1,F6=1),"Top sales and profit",IF(E6=1,"Top sales",IF(F6=1,"Top profit","Monitor performance"))) -> Top sales and profit
A7: Central | B7: =SUMIF(Data!$B$2:$B$33,A7,Data!$G$2:$G$33) -> 3860 | C7: =SUMIF(Data!$B$2:$B$33,A7,Data!$H$2:$H$33) -> 743 | D7: =IFERROR(C7/B7,0) -> 0.19248705 | E7: =RANK(B7,$B$5:$B$8,0) -> 3 | F7: =RANK(C7,$C$5:$C$8,0) -> 3 | G7: =COUNTIF(Data!$B$2:$B$33,A7) -> 8 | H7: =IF(AND(E7=1,F7=1),"Top sales and profit",IF(E7=1,"Top sales",IF(F7=1,"Top profit","Monitor performance"))) -> Monitor performance
A8: South | B8: =SUMIF(Data!$B$2:$B$33,A8,Data!$G$2:$G$33) -> 3670 | C8: =SUMIF(Data!$B$2:$B$33,A8,Data!$H$2:$H$33) -> 692 | D8: =IFERROR(C8/B8,0) -> 0.18855586 | E8: =RANK(B8,$B$5:$B$8,0) -> 4 | F8: =RANK(C8,$C$5:$C$8,0) -> 4 | G8: =COUNTIF(Data!$B$2:$B$33,A8) -> 8 | H8: =IF(AND(E8=1,F8=1),"Top sales and profit",IF(E8=1,"Top sales",IF(F8=1,"Top profit","Monitor performance"))) -> Monitor performance
A9: Grand Total | B9: =SUM(B5:B8) -> 17869 | C9: =SUM(C5:C8) -> 3281 | D9: =IFERROR(C9/B9,0) -> 0.18361408 | G9: =SUM(G5:G8) -> 32
A12: Total Sales | C12: Total Profit | E12: Overall Margin | G12: Best Sales Region
A13: =B9 -> 17869 | C13: =C9 -> 3281 | E13: =D9 -> 0.18361408 | G13: =INDEX(A5:A8,MATCH(1,E5:E8,0)) -> West

Sheet Data
A1: Order Date | B1: Region | C1: Category | D1: Sub-Category | E1: Product | F1: Segment | G1: Sales ($) | H1: Profit ($)
A2: 2025-01-08 | B2: East | C2: Technology | D2: Phones | E2: Samsung Galaxy A54 | F2: Consumer | G2: 720 | H2: 130
A3: 2025-01-15 | B3: East | C3: Office Supplies | D3: Binders | E3: Avery Durable Binder | F3: Corporate | G3: 185 | H3: 62
A4: 2025-02-03 | B4: East | C4: Furniture | D4: Chairs | E4: Ergonomic Office Chair | F4: Home Office | G4: 860 | H4: 148
A5: 2025-02-21 | B5: East | C5: Technology | D5: Accessories | E5: Wireless Mouse | F5: Consumer | G5: 96 | H5: 38
A6: 2025-03-14 | B6: East | C6: Office Supplies | D6: Paper | E6: Premium Copy Paper | F6: Corporate | G6: 135 | H6: 54
A7: 2025-04-04 | B7: East | C7: Furniture | D7: Tables | E7: Conference Table | F7: Corporate | G7: 1120 | H7: 168
A8: 2025-05-19 | B8: East | C8: Technology | D8: Laptops | E8: Business Laptop | F8: Home Office | G8: 1450 | H8: 245
A9: 2025-06-27 | B9: East | C9: Office Supplies | D9: Storage | E9: Rolling File Cabinet | F9: Consumer | G9: 540 | H9: 76
A10: 2025-01-11 | B10: West | C10: Technology | D10: Phones | E10: iPhone 14 | F10: Consumer | G10: 980 | H10: 205
A11: 2025-01-30 | B11: West | C11: Furniture | D11: Bookcases | E11: Oak Bookcase | F11: Corporate | G11: 735 | H11: 92
A12: 2025-02-18 | B12: West | C12: Office Supplies | D12: Labels | E12: Shipping Labels | F12: Consumer | G12: 88 | H12: 31
A13: 2025-03-09 | B13: West | C13: Technology | D13: Accessories | E13: USB-C Dock | F13: Home Office | G13: 310 | H13: 84
... A33: 2025-07-18 | B33: South | C33: Office Supplies | D33: Storage | E33: Desk Organizer | F33: Consumer | G33: 95 | H33: 34

Sheet Guide
A1: Workbook Guide
A3: Task | B3: Region Performance — compare sales across regions.
A4: Objective | B4: Practice grouping, comparison, and ranking using sales and profit.
A5: Tools | B5: Excel workbook with formulas, table filters, conditional formatting, and a bar chart.
A6: Deliverables included | B6: Region summary and bar chart, plus formula-driven KPIs.
A7: Dataset note | B7: A compact Superstore-style practice dataset is included because no source data file was attached.
A8: Formula logic | B8: SUMIF calculates regional sales/profit; IFERROR calculates margin; RANK.EQ ranks regions; COUNTIF counts orders.
A9: Update workflow | B9: Paste or edit records in the Data sheet. Summary formulas and chart-linked values update when Excel recalculates.
A10: Interview prompts | B10: Why compare profit with sales? Which region leads? Does the highest-sales region also have the highest margin?
